id,content,post_id,author_id,commenter_lead,created_at
ccccccc1-cccc-cccc-cccc-ccccccccccc1,Nice post!,aaaaaaa1-aaaa-aaaa-aaaa-aaaaaaaaaaa1,22222222-2222-2222-2222-222222222222,,2025-06-29 19:00:06.865901+05
ccccccc2-cccc-cccc-cccc-ccccccccccc2,I agree,aaaaaaa2-aaaa-aaaa-aaaa-aaaaaaaaaaa2,33333333-3333-3333-3333-333333333333,,2025-06-29 19:05:06.865901+05
ccccccc3-cccc-cccc-cccc-ccccccccccc3,Cool!,aaaaaaa3-aaaa-aaaa-aaaa-aaaaaaaaaaa3,44444444-4444-4444-4444-444444444444,,2025-06-29 19:10:06.865901+05
ccccccc4-cccc-cccc-cccc-ccccccccccc4,Well done,aaaaaaa4-aaaa-aaaa-aaaa-aaaaaaaaaaa4,55555555-5555-5555-5555-555555555555,,2025-06-29 19:15:06.865901+05
ccccccc5-cccc-cccc-cccc-ccccccccccc5,Awesome!,aaaaaaa5-aaaa-aaaa-aaaa-aaaaaaaaaaa5,11111111-1111-1111-1111-111111111111,,2025-06-29 19:20:06.865901+05
e96acc14-7fa6-430e-8320-7104cf855987,yo bibiuy,aaaaaaa2-aaaa-aaaa-aaaa-aaaaaaaaaaa2,d413d970-44c9-42b5-9696-036c61dee6ca,,2025-07-02 21:56:02.906073+05
ce273433-7137-4a8c-9824-53edc17a0919,222sdsd,aaaaaaa3-aaaa-aaaa-aaaa-aaaaaaaaaaa3,d413d970-44c9-42b5-9696-036c61dee6ca,,2025-07-02 22:01:50.724798+05
7165ba52-ba9a-47bd-8676-4a06837980ba,"1213
.,.
;,.,.
",aaaaaaa3-aaaa-aaaa-aaaa-aaaaaaaaaaa3,d413d970-44c9-42b5-9696-036c61dee6ca,,2025-07-02 22:03:24.195051+05
d8815d0a-d1fc-428f-85ad-d7745bc731eb,niggs,aaaaaaa3-aaaa-aaaa-aaaa-aaaaaaaaaaa3,d413d970-44c9-42b5-9696-036c61dee6ca,,2025-07-02 22:30:24.551918+05
ef2793df-bb05-46ce-afad-f7675b3a205a,comm component tesring,aaaaaaa3-aaaa-aaaa-aaaa-aaaaaaaaaaa3,d413d970-44c9-42b5-9696-036c61dee6ca,,2025-07-02 22:43:11.357606+05
70175205-03b4-4388-996e-2abee58ee460,biggs,aaaaaaa3-aaaa-aaaa-aaaa-aaaaaaaaaaa3,d413d970-44c9-42b5-9696-036c61dee6ca,,2025-07-03 19:17:21.260167+05
29aff616-4158-4cbe-a7a1-c7ec08b94c6d,nigggsszszszs,aaaaaaa3-aaaa-aaaa-aaaa-aaaaaaaaaaa3,d413d970-44c9-42b5-9696-036c61dee6ca,,2025-07-03 19:56:39.203305+05
1600da61-ae52-4da6-9384-9fca34f07f59,coc,aaaaaaa3-aaaa-aaaa-aaaa-aaaaaaaaaaa3,d413d970-44c9-42b5-9696-036c61dee6ca,,2025-07-06 18:12:07.422176+05
596c732d-0a4a-41b1-9e2a-071b32b33c73,'testing all refetch,aaaaaaa3-aaaa-aaaa-aaaa-aaaaaaaaaaa3,d413d970-44c9-42b5-9696-036c61dee6ca,,2025-07-06 18:15:59.838143+05
c251871d-b155-4f11-86c2-e973148afc88,"test1
",aaaaaaa3-aaaa-aaaa-aaaa-aaaaaaaaaaa3,d413d970-44c9-42b5-9696-036c61dee6ca,,2025-07-06 20:08:58.872806+05
a6686904-7ce7-41da-9301-bd4938510161,",m,",aaaaaaa3-aaaa-aaaa-aaaa-aaaaaaaaaaa3,d413d970-44c9-42b5-9696-036c61dee6ca,,2025-07-06 20:30:21.026034+05
552e18d3-0c31-4557-bd2b-790003ab0e4c,test,aaaaaaa3-aaaa-aaaa-aaaa-aaaaaaaaaaa3,d413d970-44c9-42b5-9696-036c61dee6ca,,2025-07-06 20:31:03.662499+05
c87654f2-3038-4fa6-bde8-7ec5b7a9dc24,11,aaaaaaa3-aaaa-aaaa-aaaa-aaaaaaaaaaa3,d413d970-44c9-42b5-9696-036c61dee6ca,,2025-07-06 20:38:55.096483+05
46e919f3-8ea0-4011-b3ba-511cf4aeb716,grass,aaaaaaa2-aaaa-aaaa-aaaa-aaaaaaaaaaa2,d413d970-44c9-42b5-9696-036c61dee6ca,,2025-07-07 18:18:27.382615+05
53c34d4d-c663-4f37-a8ea-72542b5dc2e3,grass man,aaaaaaa3-aaaa-aaaa-aaaa-aaaaaaaaaaa3,d413d970-44c9-42b5-9696-036c61dee6ca,,2025-07-07 18:22:29.784554+05
28dca35c-1dba-4471-b9c5-69d99689ab95,grass tree,aaaaaaa2-aaaa-aaaa-aaaa-aaaaaaaaaaa2,d413d970-44c9-42b5-9696-036c61dee6ca,,2025-07-07 18:24:27.278285+05
707416c7-0999-43a2-aad2-d3da871c4db2,c5,aaaaaaa2-aaaa-aaaa-aaaa-aaaaaaaaaaa2,d413d970-44c9-42b5-9696-036c61dee6ca,,2025-07-07 18:29:52.473934+05
3279b436-f815-4ee4-a221-4c7a1c62ab54,ninin,aaaaaaa3-aaaa-aaaa-aaaa-aaaaaaaaaaa3,d413d970-44c9-42b5-9696-036c61dee6ca,,2025-07-07 18:43:47.571779+05
ab5bc144-2cdb-4434-bdcf-f06c764b028e,inc,aaaaaaa3-aaaa-aaaa-aaaa-aaaaaaaaaaa3,d413d970-44c9-42b5-9696-036c61dee6ca,,2025-07-07 19:06:25.76615+05
1fe90397-dcca-410e-b342-b583e6c7d07a,inc,aaaaaaa3-aaaa-aaaa-aaaa-aaaaaaaaaaa3,d413d970-44c9-42b5-9696-036c61dee6ca,,2025-07-07 19:06:38.486158+05
1b19a028-f6a3-4ee7-aa1f-04f8fb553cab,2,aaaaaaa3-aaaa-aaaa-aaaa-aaaaaaaaaaa3,d413d970-44c9-42b5-9696-036c61dee6ca,,2025-07-07 19:06:55.996107+05
182fe172-19ef-48d0-8ca9-29d8fed923c9,ub,aaaaaaa3-aaaa-aaaa-aaaa-aaaaaaaaaaa3,d413d970-44c9-42b5-9696-036c61dee6ca,,2025-07-07 19:19:28.793975+05
13e86f69-02cd-4a80-a674-ced50d72785f,comm added,aaaaaaa3-aaaa-aaaa-aaaa-aaaaaaaaaaa3,d413d970-44c9-42b5-9696-036c61dee6ca,,2025-07-07 19:36:56.092477+05
ab10519c-addc-4ea8-b1f5-94ffcc1fd667,23,aaaaaaa3-aaaa-aaaa-aaaa-aaaaaaaaaaa3,d413d970-44c9-42b5-9696-036c61dee6ca,,2025-07-07 19:37:23.843919+05
be5bd287-f399-49d3-a14b-54f511d420ae,24,aaaaaaa3-aaaa-aaaa-aaaa-aaaaaaaaaaa3,d413d970-44c9-42b5-9696-036c61dee6ca,,2025-07-07 19:40:05.40829+05
0e2edf0e-640b-45ae-8ea3-ac9699b4f292,22,aaaaaaa3-aaaa-aaaa-aaaa-aaaaaaaaaaa3,d413d970-44c9-42b5-9696-036c61dee6ca,,2025-07-07 19:40:46.954385+05
b1150c4d-191b-45b7-90d1-6f5b476e8bf6,1,aaaaaaa3-aaaa-aaaa-aaaa-aaaaaaaaaaa3,d413d970-44c9-42b5-9696-036c61dee6ca,,2025-07-07 19:45:00.023648+05
d8a5d188-82c2-471c-8e87-fb94a8fe44e7,7,aaaaaaa2-aaaa-aaaa-aaaa-aaaaaaaaaaa2,d413d970-44c9-42b5-9696-036c61dee6ca,,2025-07-07 19:49:50.173172+05
16a9d6e4-2d59-42ae-b295-d9bd5da6221a,8,aaaaaaa2-aaaa-aaaa-aaaa-aaaaaaaaaaa2,d413d970-44c9-42b5-9696-036c61dee6ca,,2025-07-07 20:01:40.831389+05
041584c6-d80a-4c29-9e83-8cfb5e9ecfd6,9,aaaaaaa2-aaaa-aaaa-aaaa-aaaaaaaaaaa2,d413d970-44c9-42b5-9696-036c61dee6ca,,2025-07-07 20:05:12.040019+05
103a90d7-4e16-40b9-8436-1dcc8c8bfaa8,10,aaaaaaa2-aaaa-aaaa-aaaa-aaaaaaaaaaa2,d413d970-44c9-42b5-9696-036c61dee6ca,,2025-07-07 20:14:05.85232+05
b10a4c29-0609-4a6a-8a6d-1d39fd7d6711,11,aaaaaaa2-aaaa-aaaa-aaaa-aaaaaaaaaaa2,d413d970-44c9-42b5-9696-036c61dee6ca,,2025-07-07 20:30:49.612261+05
4c06f05c-4e8f-4d2f-91ce-f34861836107,comment 9 on 9,,d413d970-44c9-42b5-9696-036c61dee6ca,041584c6-d80a-4c29-9e83-8cfb5e9ecfd6,2025-07-08 22:19:54.762395+05
3e7a8ae1-f52a-4118-acfc-4cd83371ad9a,comm,aaaaaaa2-aaaa-aaaa-aaaa-aaaaaaaaaaa2,d413d970-44c9-42b5-9696-036c61dee6ca,,2025-07-08 22:20:38.136811+05
29b983c8-0781-4570-b951-537be7888b1c,comment 12 4,aaaaaaa2-aaaa-aaaa-aaaa-aaaaaaaaaaa2,d413d970-44c9-42b5-9696-036c61dee6ca,,2025-07-09 20:42:52.950545+05
4505fabd-9d0f-4cf4-9f8d-ee5fcfb98eba,13 4,aaaaaaa2-aaaa-aaaa-aaaa-aaaaaaaaaaa2,d413d970-44c9-42b5-9696-036c61dee6ca,,2025-07-09 20:49:06.773831+05
8f792e3d-64c1-4d6f-bbea-da29ca36f5c2,14 4,aaaaaaa2-aaaa-aaaa-aaaa-aaaaaaaaaaa2,d413d970-44c9-42b5-9696-036c61dee6ca,,2025-07-09 20:51:47.821901+05
e42bcd0d-1fa4-49fd-aba5-d14cf2df44bc,15 4,aaaaaaa2-aaaa-aaaa-aaaa-aaaaaaaaaaa2,d413d970-44c9-42b5-9696-036c61dee6ca,,2025-07-09 21:04:15.716002+05
51d2b8ed-7430-4b8e-99e0-92a816e30d76,16 4,aaaaaaa2-aaaa-aaaa-aaaa-aaaaaaaaaaa2,d413d970-44c9-42b5-9696-036c61dee6ca,,2025-07-09 21:20:55.808717+05
11fd2578-2abf-4f86-8126-1f841526c5f0,17 4,aaaaaaa2-aaaa-aaaa-aaaa-aaaaaaaaaaa2,d413d970-44c9-42b5-9696-036c61dee6ca,,2025-07-09 22:05:40.591235+05
cd7ae740-1901-4956-b629-673426972327,18 4,aaaaaaa2-aaaa-aaaa-aaaa-aaaaaaaaaaa2,d413d970-44c9-42b5-9696-036c61dee6ca,,2025-07-09 22:14:11.978716+05
6980832b-66fd-4780-9d51-f2d40b1293a2,19 4 check,aaaaaaa2-aaaa-aaaa-aaaa-aaaaaaaaaaa2,d413d970-44c9-42b5-9696-036c61dee6ca,,2025-07-09 22:38:20.055324+05
6d8faba8-8aa5-4e72-883c-d63b11fb217b,comm 19 4 check ka,,d413d970-44c9-42b5-9696-036c61dee6ca,6980832b-66fd-4780-9d51-f2d40b1293a2,2025-07-09 22:39:52.852299+05
cdeb20b2-41e6-4adf-b715-3aeb66d7d253,21,aaaaaaa2-aaaa-aaaa-aaaa-aaaaaaaaaaa2,d413d970-44c9-42b5-9696-036c61dee6ca,,2025-07-09 22:40:48.136509+05
7d37a132-5fd6-4209-ab2c-157643f7c5dd,comm1,aaaaaaa2-aaaa-aaaa-aaaa-aaaaaaaaaaa2,d413d970-44c9-42b5-9696-036c61dee6ca,,2025-07-09 22:47:17.567284+05
64395b1b-85d3-402c-b458-872e51704996,comm2,aaaaaaa2-aaaa-aaaa-aaaa-aaaaaaaaaaa2,d413d970-44c9-42b5-9696-036c61dee6ca,,2025-07-09 22:47:31.387706+05
1ca0c9ce-c73b-4dd3-8fed-c9c6fdf2a57d,23 cc,aaaaaaa2-aaaa-aaaa-aaaa-aaaaaaaaaaa2,d413d970-44c9-42b5-9696-036c61dee6ca,,2025-07-09 23:01:01.367177+05
9cc75e08-d02c-4748-b7a1-eba8acf808eb,comm,,d413d970-44c9-42b5-9696-036c61dee6ca,1ca0c9ce-c73b-4dd3-8fed-c9c6fdf2a57d,2025-07-09 23:02:12.190704+05
2f5dd3ea-b04f-4f43-a5f4-d572450310bc,24 cc,aaaaaaa2-aaaa-aaaa-aaaa-aaaaaaaaaaa2,d413d970-44c9-42b5-9696-036c61dee6ca,,2025-07-09 23:02:46.950294+05
13b41609-43b4-41b7-83a8-7978fd8d91e1,9 on 9 2.0,,d413d970-44c9-42b5-9696-036c61dee6ca,041584c6-d80a-4c29-9e83-8cfb5e9ecfd6,2025-07-10 22:02:14.59761+05
7342242a-43de-43ce-a715-d8c8449c097b,9 on 9 on 9,,d413d970-44c9-42b5-9696-036c61dee6ca,4c06f05c-4e8f-4d2f-91ce-f34861836107,2025-07-10 22:02:52.962892+05
c6f1211c-12d0-412e-bedf-acb09c578dc9,2.0,,d413d970-44c9-42b5-9696-036c61dee6ca,4c06f05c-4e8f-4d2f-91ce-f34861836107,2025-07-10 22:10:42.489175+05
42517b7f-04c8-4f4c-a9a4-a461920e40f5,2121,,d413d970-44c9-42b5-9696-036c61dee6ca,c6f1211c-12d0-412e-bedf-acb09c578dc9,2025-07-10 22:19:33.12872+05
37a14b89-b0dc-4060-9a3c-52f896adc880,comm 26,aaaaaaa2-aaaa-aaaa-aaaa-aaaaaaaaaaa2,d413d970-44c9-42b5-9696-036c61dee6ca,,2025-07-13 22:03:16.472506+05
00407446-1309-49d3-8f09-ab2b82136ee8,yo,,d413d970-44c9-42b5-9696-036c61dee6ca,041584c6-d80a-4c29-9e83-8cfb5e9ecfd6,2025-07-15 21:01:28.875996+05
