id,user_id,post_id,comment_id,created_at
773b4d26-930d-48ac-b725-dad086fab11e,d413d970-44c9-42b5-9696-036c61dee6ca,0b540f1a-61a8-4908-83ed-43dbe77167f5,,2025-06-28 21:26:25.986787+05
c9e41576-b080-41bd-a7d6-7ea2b7d30747,22222222-2222-2222-2222-222222222222,aaaaaaa2-aaaa-aaaa-aaaa-aaaaaaaaaaa2,,2025-07-01 21:14:12.095329+05
c4cc0113-7944-437a-b3f4-6563db06a27f,33333333-3333-3333-3333-333333333333,aaaaaaa2-aaaa-aaaa-aaaa-aaaaaaaaaaa2,,2025-07-01 21:14:52.354788+05
7d6c0f65-0de9-4d5a-913d-c0b7fb7861b9,33333333-3333-3333-3333-333333333333,aaaaaaa3-aaaa-aaaa-aaaa-aaaaaaaaaaa3,,2025-07-01 21:16:05.7761+05
478558ac-d8c7-4e8d-a765-06e8d78c3ee4,22222222-2222-2222-2222-222222222222,aaaaaaa3-aaaa-aaaa-aaaa-aaaaaaaaaaa3,,2025-07-01 21:16:13.817631+05
37c46455-f13b-44a5-bdad-f4f059c21942,44444444-4444-4444-4444-444444444444,aaaaaaa2-aaaa-aaaa-aaaa-aaaaaaaaaaa2,,2025-07-01 21:32:43.141541+05
2b968807-03f8-4e49-bc31-3603d3d5ffb7,22222222-2222-2222-2222-222222222222,,ccccccc3-cccc-cccc-cccc-ccccccccccc3,2025-07-02 20:42:10.69975+05
5422d201-6ef8-4b3d-9d37-f49a6bb4679a,d413d970-44c9-42b5-9696-036c61dee6ca,,103a90d7-4e16-40b9-8436-1dcc8c8bfaa8,2025-07-08 21:37:23.382626+05
a7146bcc-deaf-477c-a0cb-2e67e75eaa72,d413d970-44c9-42b5-9696-036c61dee6ca,,ccccccc2-cccc-cccc-cccc-ccccccccccc2,2025-07-08 21:37:38.912726+05
5b54f1af-6837-4dbd-941e-db5e1640aed9,d413d970-44c9-42b5-9696-036c61dee6ca,,041584c6-d80a-4c29-9e83-8cfb5e9ecfd6,2025-07-09 21:37:44.528625+05
b8c558ff-cd0c-4c45-b5b9-25d0f898a2fa,d413d970-44c9-42b5-9696-036c61dee6ca,,6980832b-66fd-4780-9d51-f2d40b1293a2,2025-07-09 22:40:14.095114+05
dbb20363-3406-498a-a6af-6a73e47c7aa3,d413d970-44c9-42b5-9696-036c61dee6ca,,cdeb20b2-41e6-4adf-b715-3aeb66d7d253,2025-07-09 22:40:54.737838+05
e60bce54-cfca-443a-a68f-49a84c52ba05,d413d970-44c9-42b5-9696-036c61dee6ca,,7d37a132-5fd6-4209-ab2c-157643f7c5dd,2025-07-09 22:47:31.039854+05
f88253bc-8112-44e4-a7a7-6cd229e41226,d413d970-44c9-42b5-9696-036c61dee6ca,,64395b1b-85d3-402c-b458-872e51704996,2025-07-09 22:47:37.468572+05
f33d8e3d-ba9a-4fcc-9c1f-73ed15f30115,d413d970-44c9-42b5-9696-036c61dee6ca,,1ca0c9ce-c73b-4dd3-8fed-c9c6fdf2a57d,2025-07-09 23:02:11.888661+05
ed66efe8-e1e0-4661-b47c-d4896495a982,d413d970-44c9-42b5-9696-036c61dee6ca,,13b41609-43b4-41b7-83a8-7978fd8d91e1,2025-07-10 22:02:51.070838+05
d1dd8580-74aa-46d0-b38e-6f214e417821,d413d970-44c9-42b5-9696-036c61dee6ca,,4c06f05c-4e8f-4d2f-91ce-f34861836107,2025-07-10 22:02:58.258049+05
73f3b49d-5d16-4667-851a-dfe6c63dcbbd,d413d970-44c9-42b5-9696-036c61dee6ca,,7342242a-43de-43ce-a715-d8c8449c097b,2025-07-10 22:11:39.956871+05
881e9903-efce-4516-a414-280484019505,d413d970-44c9-42b5-9696-036c61dee6ca,,c6f1211c-12d0-412e-bedf-acb09c578dc9,2025-07-10 22:12:19.414599+05
a121c705-dffd-4951-9b40-12efaa1cb95f,d413d970-44c9-42b5-9696-036c61dee6ca,aaaaaaa2-aaaa-aaaa-aaaa-aaaaaaaaaaa2,,2025-07-13 22:03:29.671852+05
0e3102e0-b574-485a-9834-bc116ed9e9d2,d413d970-44c9-42b5-9696-036c61dee6ca,,ccccccc1-cccc-cccc-cccc-ccccccccccc1,2025-07-15 21:34:50.007146+05
